sample,type,setting
Anc+_0gen_REL607,reference,https://raw.githubusercontent.com/barricklab/LTEE/7da91974eafac0c5a8f903ae57275795d4395af2/reference/REL606.gbk
Anc+_0gen_REL607,illumina-PE,sra://SRR030252
Ara+1_10000gen_4530A,reference,https://raw.githubusercontent.com/barricklab/LTEE/7da91974eafac0c5a8f903ae57275795d4395af2/reference/REL606.gbk
Ara+1_10000gen_4530A,illumina-SE,sra://SRR2584470
Ara+1_10000gen_4530B,reference,https://raw.githubusercontent.com/barricklab/LTEE/7da91974eafac0c5a8f903ae57275795d4395af2/reference/REL606.gbk
Ara+1_10000gen_4530B,illumina-SE,sra://SRR2584490
Ara+1_1000gen_958A,reference,https://raw.githubusercontent.com/barricklab/LTEE/7da91974eafac0c5a8f903ae57275795d4395af2/reference/REL606.gbk
Ara+1_1000gen_958A,illumina-SE,sra://SRR2584410
Ara+1_1000gen_958B,reference,https://raw.githubusercontent.com/barricklab/LTEE/7da91974eafac0c5a8f903ae57275795d4395af2/reference/REL606.gbk
Ara+1_1000gen_958B,illumina-SE,sra://SRR2584411
Ara+1_15000gen_7183A,reference,https://raw.githubusercontent.com/barricklab/LTEE/7da91974eafac0c5a8f903ae57275795d4395af2/reference/REL606.gbk
Ara+1_15000gen_7183A,illumina-SE,sra://SRR2584518
Ara+1_15000gen_7183B,reference,https://raw.githubusercontent.com/barricklab/LTEE/7da91974eafac0c5a8f903ae57275795d4395af2/reference/REL606.gbk
Ara+1_15000gen_7183B,illumina-SE,sra://SRR2584508
Ara+1_1500gen_1062A,reference,https://raw.githubusercontent.com/barricklab/LTEE/7da91974eafac0c5a8f903ae57275795d4395af2/reference/REL606.gbk
Ara+1_1500gen_1062A,illumina-SE,sra://SRR2584438
Ara+1_1500gen_1062B,reference,https://raw.githubusercontent.com/barricklab/LTEE/7da91974eafac0c5a8f903ae57275795d4395af2/reference/REL606.gbk
Ara+1_1500gen_1062B,illumina-SE,sra://SRR2584462
Ara+1_20000gen_9282A,reference,https://raw.githubusercontent.com/barricklab/LTEE/7da91974eafac0c5a8f903ae57275795d4395af2/reference/REL606.gbk
Ara+1_20000gen_9282A,illumina-SE,sra://SRR2584519
Ara+1_20000gen_9282B,reference,https://raw.githubusercontent.com/barricklab/LTEE/7da91974eafac0c5a8f903ae57275795d4395af2/reference/REL606.gbk
Ara+1_20000gen_9282B,illumina-SE,sra://SRR2584520
Ara+1_2000gen_1158A,reference,https://raw.githubusercontent.com/barricklab/LTEE/7da91974eafac0c5a8f903ae57275795d4395af2/reference/REL606.gbk
Ara+1_2000gen_1158A,illumina-SE,sra://SRR2584463
Ara+1_2000gen_1158C,reference,https://raw.githubusercontent.com/barricklab/LTEE/7da91974eafac0c5a8f903ae57275795d4395af2/reference/REL606.gbk
Ara+1_2000gen_1158C,illumina-SE,sra://SRR2584464
Ara+1_30000gen_10450,reference,https://raw.githubusercontent.com/barricklab/LTEE/7da91974eafac0c5a8f903ae57275795d4395af2/reference/REL606.gbk
Ara+1_30000gen_10450,illumina-SE,sra://SRR2584521
Ara+1_30000gen_10451,reference,https://raw.githubusercontent.com/barricklab/LTEE/7da91974eafac0c5a8f903ae57275795d4395af2/reference/REL606.gbk
Ara+1_30000gen_10451,illumina-SE,sra://SRR2584522
Ara+1_40000gen_11008,reference,https://raw.githubusercontent.com/barricklab/LTEE/7da91974eafac0c5a8f903ae57275795d4395af2/reference/REL606.gbk
Ara+1_40000gen_11008,illumina-SE,sra://SRR2086043
Ara+1_40000gen_11009,reference,https://raw.githubusercontent.com/barricklab/LTEE/7da91974eafac0c5a8f903ae57275795d4395af2/reference/REL606.gbk
Ara+1_40000gen_11009,illumina-SE,sra://SRR2086070
Ara+1_50000gen_11392,reference,https://raw.githubusercontent.com/barricklab/LTEE/7da91974eafac0c5a8f903ae57275795d4395af2/reference/REL606.gbk
Ara+1_50000gen_11392,illumina-SE,sra://SRR2584524
Ara+1_50000gen_11393,reference,https://raw.githubusercontent.com/barricklab/LTEE/7da91974eafac0c5a8f903ae57275795d4395af2/reference/REL606.gbk
Ara+1_50000gen_11393,illumina-PE,sra://SRR2584534
Ara+1_5000gen_2173A,reference,https://raw.githubusercontent.com/barricklab/LTEE/7da91974eafac0c5a8f903ae57275795d4395af2/reference/REL606.gbk
Ara+1_5000gen_2173A,illumina-SE,sra://SRR2584466
Ara+1_5000gen_2173B,reference,https://raw.githubusercontent.com/barricklab/LTEE/7da91974eafac0c5a8f903ae57275795d4395af2/reference/REL606.gbk
Ara+1_5000gen_2173B,illumina-SE,sra://SRR2584467
Ara+1_500gen_768A,reference,https://raw.githubusercontent.com/barricklab/LTEE/7da91974eafac0c5a8f903ae57275795d4395af2/reference/REL606.gbk
Ara+1_500gen_768A,illumina-SE,sra://SRR2584408
Ara+1_500gen_768B,reference,https://raw.githubusercontent.com/barricklab/LTEE/7da91974eafac0c5a8f903ae57275795d4395af2/reference/REL606.gbk
Ara+1_500gen_768B,illumina-SE,sra://SRR2584409
Ara+2_10000gen_4531A,reference,https://raw.githubusercontent.com/barricklab/LTEE/7da91974eafac0c5a8f903ae57275795d4395af2/reference/REL606.gbk
Ara+2_10000gen_4531A,illumina-SE,sra://SRR2584637
Ara+2_10000gen_4531B,reference,https://raw.githubusercontent.com/barricklab/LTEE/7da91974eafac0c5a8f903ae57275795d4395af2/reference/REL606.gbk
Ara+2_10000gen_4531B,illumina-SE,sra://SRR2584654
Ara+2_1000gen_959A,reference,https://raw.githubusercontent.com/barricklab/LTEE/7da91974eafac0c5a8f903ae57275795d4395af2/reference/REL606.gbk
Ara+2_1000gen_959A,illumina-SE,sra://SRR2584583
Ara+2_1000gen_959B,reference,https://raw.githubusercontent.com/barricklab/LTEE/7da91974eafac0c5a8f903ae57275795d4395af2/reference/REL606.gbk
Ara+2_1000gen_959B,illumina-SE,sra://SRR2584607
Ara+2_15000gen_7184A,reference,https://raw.githubusercontent.com/barricklab/LTEE/7da91974eafac0c5a8f903ae57275795d4395af2/reference/REL606.gbk
Ara+2_15000gen_7184A,illumina-SE,sra://SRR2584655
Ara+2_15000gen_7184B,reference,https://raw.githubusercontent.com/barricklab/LTEE/7da91974eafac0c5a8f903ae57275795d4395af2/reference/REL606.gbk
Ara+2_15000gen_7184B,illumina-SE,sra://SRR2584659
Ara+2_1500gen_1063A,reference,https://raw.githubusercontent.com/barricklab/LTEE/7da91974eafac0c5a8f903ae57275795d4395af2/reference/REL606.gbk
Ara+2_1500gen_1063A,illumina-SE,sra://SRR2584608
Ara+2_1500gen_1063B,reference,https://raw.githubusercontent.com/barricklab/LTEE/7da91974eafac0c5a8f903ae57275795d4395af2/reference/REL606.gbk
Ara+2_1500gen_1063B,illumina-SE,sra://SRR2584609
Ara+2_20000gen_8601A,reference,https://raw.githubusercontent.com/barricklab/LTEE/7da91974eafac0c5a8f903ae57275795d4395af2/reference/REL606.gbk
Ara+2_20000gen_8601A,illumina-SE,sra://SRR2584660
Ara+2_20000gen_8601B,reference,https://raw.githubusercontent.com/barricklab/LTEE/7da91974eafac0c5a8f903ae57275795d4395af2/reference/REL606.gbk
Ara+2_20000gen_8601B,illumina-SE,sra://SRR2584661
Ara+2_2000gen_1159A,reference,https://raw.githubusercontent.com/barricklab/LTEE/7da91974eafac0c5a8f903ae57275795d4395af2/reference/REL606.gbk
Ara+2_2000gen_1159A,illumina-SE,sra://SRR2584610
Ara+2_2000gen_1159B,reference,https://raw.githubusercontent.com/barricklab/LTEE/7da91974eafac0c5a8f903ae57275795d4395af2/reference/REL606.gbk
Ara+2_2000gen_1159B,illumina-SE,sra://SRR2584611
Ara+2_30000gen_10407,reference,https://raw.githubusercontent.com/barricklab/LTEE/7da91974eafac0c5a8f903ae57275795d4395af2/reference/REL606.gbk
Ara+2_30000gen_10407,illumina-SE,sra://SRR2584662
Ara+2_30000gen_10408,reference,https://raw.githubusercontent.com/barricklab/LTEE/7da91974eafac0c5a8f903ae57275795d4395af2/reference/REL606.gbk
Ara+2_30000gen_10408,illumina-SE,sra://SRR2584663
Ara+2_40000gen_10950,reference,https://raw.githubusercontent.com/barricklab/LTEE/7da91974eafac0c5a8f903ae57275795d4395af2/reference/REL606.gbk
Ara+2_40000gen_10950,illumina-SE,sra://SRR2086096
Ara+2_40000gen_10951,reference,https://raw.githubusercontent.com/barricklab/LTEE/7da91974eafac0c5a8f903ae57275795d4395af2/reference/REL606.gbk
Ara+2_40000gen_10951,illumina-SE,sra://SRR2086097
Ara+2_50000gen_11342,reference,https://raw.githubusercontent.com/barricklab/LTEE/7da91974eafac0c5a8f903ae57275795d4395af2/reference/REL606.gbk
Ara+2_50000gen_11342,illumina-SE,sra://SRR2584665
Ara+2_50000gen_11343,reference,https://raw.githubusercontent.com/barricklab/LTEE/7da91974eafac0c5a8f903ae57275795d4395af2/reference/REL606.gbk
Ara+2_50000gen_11343,illumina-PE,sra://SRR2588645
Ara+2_5000gen_2174A,reference,https://raw.githubusercontent.com/barricklab/LTEE/7da91974eafac0c5a8f903ae57275795d4395af2/reference/REL606.gbk
Ara+2_5000gen_2174A,illumina-SE,sra://SRR2584613
Ara+2_5000gen_2174B,reference,https://raw.githubusercontent.com/barricklab/LTEE/7da91974eafac0c5a8f903ae57275795d4395af2/reference/REL606.gbk
Ara+2_5000gen_2174B,illumina-SE,sra://SRR2584614
Ara+2_500gen_769A,reference,https://raw.githubusercontent.com/barricklab/LTEE/7da91974eafac0c5a8f903ae57275795d4395af2/reference/REL606.gbk
Ara+2_500gen_769A,illumina-SE,sra://SRR2584549
Ara+2_500gen_769B,reference,https://raw.githubusercontent.com/barricklab/LTEE/7da91974eafac0c5a8f903ae57275795d4395af2/reference/REL606.gbk
Ara+2_500gen_769B,illumina-SE,sra://SRR2584550
Ara+3_10000gen_4532A,reference,https://raw.githubusercontent.com/barricklab/LTEE/7da91974eafac0c5a8f903ae57275795d4395af2/reference/REL606.gbk
Ara+3_10000gen_4532A,illumina-PE,sra://SRR2591036
Ara+3_10000gen_4532B,reference,https://raw.githubusercontent.com/barricklab/LTEE/7da91974eafac0c5a8f903ae57275795d4395af2/reference/REL606.gbk
Ara+3_10000gen_4532B,illumina-PE,sra://SRR2591037
Ara+3_1000gen_960A,reference,https://raw.githubusercontent.com/barricklab/LTEE/7da91974eafac0c5a8f903ae57275795d4395af2/reference/REL606.gbk
Ara+3_1000gen_960A,illumina-PE,sra://SRR2584669
Ara+3_1000gen_960B,reference,https://raw.githubusercontent.com/barricklab/LTEE/7da91974eafac0c5a8f903ae57275795d4395af2/reference/REL606.gbk
Ara+3_1000gen_960B,illumina-PE,sra://SRR2591034
Ara+3_15000gen_7185A,reference,https://raw.githubusercontent.com/barricklab/LTEE/7da91974eafac0c5a8f903ae57275795d4395af2/reference/REL606.gbk
Ara+3_15000gen_7185A,illumina-PE,sra://SRR2584681
Ara+3_15000gen_7185B,reference,https://raw.githubusercontent.com/barricklab/LTEE/7da91974eafac0c5a8f903ae57275795d4395af2/reference/REL606.gbk
Ara+3_15000gen_7185B,illumina-PE,sra://SRR2584682
Ara+3_1500gen_1064A,reference,https://raw.githubusercontent.com/barricklab/LTEE/7da91974eafac0c5a8f903ae57275795d4395af2/reference/REL606.gbk
Ara+3_1500gen_1064A,illumina-PE,sra://SRR2584671
Ara+3_1500gen_1064B,reference,https://raw.githubusercontent.com/barricklab/LTEE/7da91974eafac0c5a8f903ae57275795d4395af2/reference/REL606.gbk
Ara+3_1500gen_1064B,illumina-PE,sra://SRR2591035
Ara+3_20000gen_8602A,reference,https://raw.githubusercontent.com/barricklab/LTEE/7da91974eafac0c5a8f903ae57275795d4395af2/reference/REL606.gbk
Ara+3_20000gen_8602A,illumina-PE,sra://SRR2584683
Ara+3_20000gen_8602B,reference,https://raw.githubusercontent.com/barricklab/LTEE/7da91974eafac0c5a8f903ae57275795d4395af2/reference/REL606.gbk
Ara+3_20000gen_8602B,illumina-PE,sra://SRR2584684
Ara+3_2000gen_1160A,reference,https://raw.githubusercontent.com/barricklab/LTEE/7da91974eafac0c5a8f903ae57275795d4395af2/reference/REL606.gbk
Ara+3_2000gen_1160A,illumina-PE,sra://SRR2584673
Ara+3_2000gen_1160B,reference,https://raw.githubusercontent.com/barricklab/LTEE/7da91974eafac0c5a8f903ae57275795d4395af2/reference/REL606.gbk
Ara+3_2000gen_1160B,illumina-PE,sra://SRR2588711
Ara+3_30000gen_10410,reference,https://raw.githubusercontent.com/barricklab/LTEE/7da91974eafac0c5a8f903ae57275795d4395af2/reference/REL606.gbk
Ara+3_30000gen_10410,illumina-PE,sra://SRR2584685
Ara+3_30000gen_10411,reference,https://raw.githubusercontent.com/barricklab/LTEE/7da91974eafac0c5a8f903ae57275795d4395af2/reference/REL606.gbk
Ara+3_30000gen_10411,illumina-PE,sra://SRR2588848
Ara+3_40000gen_10953,reference,https://raw.githubusercontent.com/barricklab/LTEE/7da91974eafac0c5a8f903ae57275795d4395af2/reference/REL606.gbk
Ara+3_40000gen_10953,illumina-SE,sra://SRR1536189
Ara+3_40000gen_10954,reference,https://raw.githubusercontent.com/barricklab/LTEE/7da91974eafac0c5a8f903ae57275795d4395af2/reference/REL606.gbk
Ara+3_40000gen_10954,illumina-SE,sra://SRR2584694
Ara+3_50000gen_11345,reference,https://raw.githubusercontent.com/barricklab/LTEE/7da91974eafac0c5a8f903ae57275795d4395af2/reference/REL606.gbk
Ara+3_50000gen_11345,illumina-SE,sra://SRR2584696
Ara+3_50000gen_11346,reference,https://raw.githubusercontent.com/barricklab/LTEE/7da91974eafac0c5a8f903ae57275795d4395af2/reference/REL606.gbk
Ara+3_50000gen_11346,illumina-PE,sra://SRR2591038
Ara+3_5000gen_2175A,reference,https://raw.githubusercontent.com/barricklab/LTEE/7da91974eafac0c5a8f903ae57275795d4395af2/reference/REL606.gbk
Ara+3_5000gen_2175A,illumina-PE,sra://SRR2584677
Ara+3_5000gen_2175B,reference,https://raw.githubusercontent.com/barricklab/LTEE/7da91974eafac0c5a8f903ae57275795d4395af2/reference/REL606.gbk
Ara+3_5000gen_2175B,illumina-PE,sra://SRR2584678
Ara+3_500gen_770A,reference,https://raw.githubusercontent.com/barricklab/LTEE/7da91974eafac0c5a8f903ae57275795d4395af2/reference/REL606.gbk
Ara+3_500gen_770A,illumina-PE,sra://SRR2588658
Ara+3_500gen_770B,reference,https://raw.githubusercontent.com/barricklab/LTEE/7da91974eafac0c5a8f903ae57275795d4395af2/reference/REL606.gbk
Ara+3_500gen_770B,illumina-PE,sra://SRR2584668
Ara+4_10000gen_4533A,reference,https://raw.githubusercontent.com/barricklab/LTEE/7da91974eafac0c5a8f903ae57275795d4395af2/reference/REL606.gbk
Ara+4_10000gen_4533A,illumina-PE,sra://SRR2584708
Ara+4_10000gen_4533B,reference,https://raw.githubusercontent.com/barricklab/LTEE/7da91974eafac0c5a8f903ae57275795d4395af2/reference/REL606.gbk
Ara+4_10000gen_4533B,illumina-PE,sra://SRR2588992
Ara+4_1000gen_961A,reference,https://raw.githubusercontent.com/barricklab/LTEE/7da91974eafac0c5a8f903ae57275795d4395af2/reference/REL606.gbk
Ara+4_1000gen_961A,illumina-PE,sra://SRR2588900
Ara+4_1000gen_961B,reference,https://raw.githubusercontent.com/barricklab/LTEE/7da91974eafac0c5a8f903ae57275795d4395af2/reference/REL606.gbk
Ara+4_1000gen_961B,illumina-PE,sra://SRR2588923
Ara+4_15000gen_7186A,reference,https://raw.githubusercontent.com/barricklab/LTEE/7da91974eafac0c5a8f903ae57275795d4395af2/reference/REL606.gbk
Ara+4_15000gen_7186A,illumina-PE,sra://SRR2584710
Ara+4_15000gen_7186B,reference,https://raw.githubusercontent.com/barricklab/LTEE/7da91974eafac0c5a8f903ae57275795d4395af2/reference/REL606.gbk
Ara+4_15000gen_7186B,illumina-PE,sra://SRR2588993
Ara+4_1500gen_1065A,reference,https://raw.githubusercontent.com/barricklab/LTEE/7da91974eafac0c5a8f903ae57275795d4395af2/reference/REL606.gbk
Ara+4_1500gen_1065A,illumina-PE,sra://SRR2588946
Ara+4_1500gen_1065B,reference,https://raw.githubusercontent.com/barricklab/LTEE/7da91974eafac0c5a8f903ae57275795d4395af2/reference/REL606.gbk
Ara+4_1500gen_1065B,illumina-PE,sra://SRR2584702
Ara+4_20000gen_8603A,reference,https://raw.githubusercontent.com/barricklab/LTEE/7da91974eafac0c5a8f903ae57275795d4395af2/reference/REL606.gbk
Ara+4_20000gen_8603A,illumina-PE,sra://SRR2584712
Ara+4_20000gen_8603B,reference,https://raw.githubusercontent.com/barricklab/LTEE/7da91974eafac0c5a8f903ae57275795d4395af2/reference/REL606.gbk
Ara+4_20000gen_8603B,illumina-PE,sra://SRR2591039
Ara+4_2000gen_1161A,reference,https://raw.githubusercontent.com/barricklab/LTEE/7da91974eafac0c5a8f903ae57275795d4395af2/reference/REL606.gbk
Ara+4_2000gen_1161A,illumina-PE,sra://SRR2584703
Ara+4_2000gen_1161B,reference,https://raw.githubusercontent.com/barricklab/LTEE/7da91974eafac0c5a8f903ae57275795d4395af2/reference/REL606.gbk
Ara+4_2000gen_1161B,illumina-PE,sra://SRR2584705
Ara+4_30000gen_10414,reference,https://raw.githubusercontent.com/barricklab/LTEE/7da91974eafac0c5a8f903ae57275795d4395af2/reference/REL606.gbk
Ara+4_30000gen_10414,illumina-PE,sra://SRR2584714
Ara+4_30000gen_10415,reference,https://raw.githubusercontent.com/barricklab/LTEE/7da91974eafac0c5a8f903ae57275795d4395af2/reference/REL606.gbk
Ara+4_30000gen_10415,illumina-PE,sra://SRR2588995
Ara+4_40000gen_10956,reference,https://raw.githubusercontent.com/barricklab/LTEE/7da91974eafac0c5a8f903ae57275795d4395af2/reference/REL606.gbk
Ara+4_40000gen_10956,illumina-SE,sra://SRR2086098
Ara+4_40000gen_10957,reference,https://raw.githubusercontent.com/barricklab/LTEE/7da91974eafac0c5a8f903ae57275795d4395af2/reference/REL606.gbk
Ara+4_40000gen_10957,illumina-SE,sra://SRR2086148
Ara+4_50000gen_11348,reference,https://raw.githubusercontent.com/barricklab/LTEE/7da91974eafac0c5a8f903ae57275795d4395af2/reference/REL606.gbk
Ara+4_50000gen_11348,illumina-SE,sra://SRR2584774
Ara+4_50000gen_11349,reference,https://raw.githubusercontent.com/barricklab/LTEE/7da91974eafac0c5a8f903ae57275795d4395af2/reference/REL606.gbk
Ara+4_50000gen_11349,illumina-PE,sra://SRR2591040
Ara+4_5000gen_2176A,reference,https://raw.githubusercontent.com/barricklab/LTEE/7da91974eafac0c5a8f903ae57275795d4395af2/reference/REL606.gbk
Ara+4_5000gen_2176A,illumina-PE,sra://SRR2584706
Ara+4_5000gen_2176B,reference,https://raw.githubusercontent.com/barricklab/LTEE/7da91974eafac0c5a8f903ae57275795d4395af2/reference/REL606.gbk
Ara+4_5000gen_2176B,illumina-PE,sra://SRR2588991
Ara+4_500gen_771A,reference,https://raw.githubusercontent.com/barricklab/LTEE/7da91974eafac0c5a8f903ae57275795d4395af2/reference/REL606.gbk
Ara+4_500gen_771A,illumina-PE,sra://SRR2584697
Ara+4_500gen_771B,reference,https://raw.githubusercontent.com/barricklab/LTEE/7da91974eafac0c5a8f903ae57275795d4395af2/reference/REL606.gbk
Ara+4_500gen_771B,illumina-PE,sra://SRR2584698
Ara+5_10000gen_4534A,reference,https://raw.githubusercontent.com/barricklab/LTEE/7da91974eafac0c5a8f903ae57275795d4395af2/reference/REL606.gbk
Ara+5_10000gen_4534A,illumina-SE,sra://SRR2584787
Ara+5_10000gen_4534B,reference,https://raw.githubusercontent.com/barricklab/LTEE/7da91974eafac0c5a8f903ae57275795d4395af2/reference/REL606.gbk
Ara+5_10000gen_4534B,illumina-SE,sra://SRR2584811
Ara+5_1000gen_962A,reference,https://raw.githubusercontent.com/barricklab/LTEE/7da91974eafac0c5a8f903ae57275795d4395af2/reference/REL606.gbk
Ara+5_1000gen_962A,illumina-SE,sra://SRR2584778
Ara+5_1000gen_962B,reference,https://raw.githubusercontent.com/barricklab/LTEE/7da91974eafac0c5a8f903ae57275795d4395af2/reference/REL606.gbk
Ara+5_1000gen_962B,illumina-SE,sra://SRR2584779
Ara+5_15000gen_7187A,reference,https://raw.githubusercontent.com/barricklab/LTEE/7da91974eafac0c5a8f903ae57275795d4395af2/reference/REL606.gbk
Ara+5_15000gen_7187A,illumina-SE,sra://SRR2584812
Ara+5_15000gen_7187B,reference,https://raw.githubusercontent.com/barricklab/LTEE/7da91974eafac0c5a8f903ae57275795d4395af2/reference/REL606.gbk
Ara+5_15000gen_7187B,illumina-SE,sra://SRR2584813
Ara+5_1500gen_1066A,reference,https://raw.githubusercontent.com/barricklab/LTEE/7da91974eafac0c5a8f903ae57275795d4395af2/reference/REL606.gbk
Ara+5_1500gen_1066A,illumina-SE,sra://SRR2584780
Ara+5_1500gen_1066B,reference,https://raw.githubusercontent.com/barricklab/LTEE/7da91974eafac0c5a8f903ae57275795d4395af2/reference/REL606.gbk
Ara+5_1500gen_1066B,illumina-SE,sra://SRR2584781
Ara+5_20000gen_8604A,reference,https://raw.githubusercontent.com/barricklab/LTEE/7da91974eafac0c5a8f903ae57275795d4395af2/reference/REL606.gbk
Ara+5_20000gen_8604A,illumina-SE,sra://SRR2584814
Ara+5_20000gen_8604B,reference,https://raw.githubusercontent.com/barricklab/LTEE/7da91974eafac0c5a8f903ae57275795d4395af2/reference/REL606.gbk
Ara+5_20000gen_8604B,illumina-SE,sra://SRR2584815
Ara+5_2000gen_1162A,reference,https://raw.githubusercontent.com/barricklab/LTEE/7da91974eafac0c5a8f903ae57275795d4395af2/reference/REL606.gbk
Ara+5_2000gen_1162A,illumina-SE,sra://SRR2584782
Ara+5_2000gen_1162B,reference,https://raw.githubusercontent.com/barricklab/LTEE/7da91974eafac0c5a8f903ae57275795d4395af2/reference/REL606.gbk
Ara+5_2000gen_1162B,illumina-SE,sra://SRR2584784
Ara+5_30000gen_10432,reference,https://raw.githubusercontent.com/barricklab/LTEE/7da91974eafac0c5a8f903ae57275795d4395af2/reference/REL606.gbk
Ara+5_30000gen_10432,illumina-SE,sra://SRR2584816
Ara+5_30000gen_10433,reference,https://raw.githubusercontent.com/barricklab/LTEE/7da91974eafac0c5a8f903ae57275795d4395af2/reference/REL606.gbk
Ara+5_30000gen_10433,illumina-SE,sra://SRR2584820
Ara+5_40000gen_10982,reference,https://raw.githubusercontent.com/barricklab/LTEE/7da91974eafac0c5a8f903ae57275795d4395af2/reference/REL606.gbk
Ara+5_40000gen_10982,illumina-SE,sra://SRR2086149
Ara+5_40000gen_10983,reference,https://raw.githubusercontent.com/barricklab/LTEE/7da91974eafac0c5a8f903ae57275795d4395af2/reference/REL606.gbk
Ara+5_40000gen_10983,illumina-SE,sra://SRR2086150
Ara+5_50000gen_11367,reference,https://raw.githubusercontent.com/barricklab/LTEE/7da91974eafac0c5a8f903ae57275795d4395af2/reference/REL606.gbk
Ara+5_50000gen_11367,illumina-SE,sra://SRR2584821
Ara+5_50000gen_11368,reference,https://raw.githubusercontent.com/barricklab/LTEE/7da91974eafac0c5a8f903ae57275795d4395af2/reference/REL606.gbk
Ara+5_50000gen_11368,illumina-PE,sra://SRR2584822
Ara+5_5000gen_2177A,reference,https://raw.githubusercontent.com/barricklab/LTEE/7da91974eafac0c5a8f903ae57275795d4395af2/reference/REL606.gbk
Ara+5_5000gen_2177A,illumina-SE,sra://SRR2584785
Ara+5_5000gen_2177B,reference,https://raw.githubusercontent.com/barricklab/LTEE/7da91974eafac0c5a8f903ae57275795d4395af2/reference/REL606.gbk
Ara+5_5000gen_2177B,illumina-SE,sra://SRR2584786
Ara+5_500gen_772A,reference,https://raw.githubusercontent.com/barricklab/LTEE/7da91974eafac0c5a8f903ae57275795d4395af2/reference/REL606.gbk
Ara+5_500gen_772A,illumina-SE,sra://SRR2584776
Ara+5_500gen_772B,reference,https://raw.githubusercontent.com/barricklab/LTEE/7da91974eafac0c5a8f903ae57275795d4395af2/reference/REL606.gbk
Ara+5_500gen_772B,illumina-SE,sra://SRR2584777
Ara+6_10000gen_4535A,reference,https://raw.githubusercontent.com/barricklab/LTEE/7da91974eafac0c5a8f903ae57275795d4395af2/reference/REL606.gbk
Ara+6_10000gen_4535A,illumina-SE,sra://SRR2584834
Ara+6_10000gen_4535B,reference,https://raw.githubusercontent.com/barricklab/LTEE/7da91974eafac0c5a8f903ae57275795d4395af2/reference/REL606.gbk
Ara+6_10000gen_4535B,illumina-SE,sra://SRR2584835
Ara+6_1000gen_963A,reference,https://raw.githubusercontent.com/barricklab/LTEE/7da91974eafac0c5a8f903ae57275795d4395af2/reference/REL606.gbk
Ara+6_1000gen_963A,illumina-SE,sra://SRR2584825
Ara+6_1000gen_963B,reference,https://raw.githubusercontent.com/barricklab/LTEE/7da91974eafac0c5a8f903ae57275795d4395af2/reference/REL606.gbk
Ara+6_1000gen_963B,illumina-SE,sra://SRR2584826
Ara+6_15000gen_7188A,reference,https://raw.githubusercontent.com/barricklab/LTEE/7da91974eafac0c5a8f903ae57275795d4395af2/reference/REL606.gbk
Ara+6_15000gen_7188A,illumina-SE,sra://SRR2584836
Ara+6_15000gen_7188B,reference,https://raw.githubusercontent.com/barricklab/LTEE/7da91974eafac0c5a8f903ae57275795d4395af2/reference/REL606.gbk
Ara+6_15000gen_7188B,illumina-SE,sra://SRR2584837
Ara+6_1500gen_1067A,reference,https://raw.githubusercontent.com/barricklab/LTEE/7da91974eafac0c5a8f903ae57275795d4395af2/reference/REL606.gbk
Ara+6_1500gen_1067A,illumina-SE,sra://SRR2584827
Ara+6_1500gen_1067B,reference,https://raw.githubusercontent.com/barricklab/LTEE/7da91974eafac0c5a8f903ae57275795d4395af2/reference/REL606.gbk
Ara+6_1500gen_1067B,illumina-SE,sra://SRR2584828
Ara+6_20000gen_8605A,reference,https://raw.githubusercontent.com/barricklab/LTEE/7da91974eafac0c5a8f903ae57275795d4395af2/reference/REL606.gbk
Ara+6_20000gen_8605A,illumina-SE,sra://SRR2584838
Ara+6_20000gen_8605B,reference,https://raw.githubusercontent.com/barricklab/LTEE/7da91974eafac0c5a8f903ae57275795d4395af2/reference/REL606.gbk
Ara+6_20000gen_8605B,illumina-SE,sra://SRR2584839
Ara+6_2000gen_1163A,reference,https://raw.githubusercontent.com/barricklab/LTEE/7da91974eafac0c5a8f903ae57275795d4395af2/reference/REL606.gbk
Ara+6_2000gen_1163A,illumina-SE,sra://SRR2584829
Ara+6_2000gen_1163B,reference,https://raw.githubusercontent.com/barricklab/LTEE/7da91974eafac0c5a8f903ae57275795d4395af2/reference/REL606.gbk
Ara+6_2000gen_1163B,illumina-SE,sra://SRR2584831
Ara+6_30000gen_10417,reference,https://raw.githubusercontent.com/barricklab/LTEE/7da91974eafac0c5a8f903ae57275795d4395af2/reference/REL606.gbk
Ara+6_30000gen_10417,illumina-SE,sra://SRR2584840
Ara+6_30000gen_10418,reference,https://raw.githubusercontent.com/barricklab/LTEE/7da91974eafac0c5a8f903ae57275795d4395af2/reference/REL606.gbk
Ara+6_30000gen_10418,illumina-SE,sra://SRR2584842
Ara+6_40000gen_10985,reference,https://raw.githubusercontent.com/barricklab/LTEE/7da91974eafac0c5a8f903ae57275795d4395af2/reference/REL606.gbk
Ara+6_40000gen_10985,illumina-SE,sra://SRR1536190
Ara+6_40000gen_10986,reference,https://raw.githubusercontent.com/barricklab/LTEE/7da91974eafac0c5a8f903ae57275795d4395af2/reference/REL606.gbk
Ara+6_40000gen_10986,illumina-SE,sra://SRR2584843
Ara+6_50000gen_11370,reference,https://raw.githubusercontent.com/barricklab/LTEE/7da91974eafac0c5a8f903ae57275795d4395af2/reference/REL606.gbk
Ara+6_50000gen_11370,illumina-SE,sra://SRR2584844
Ara+6_50000gen_11371,reference,https://raw.githubusercontent.com/barricklab/LTEE/7da91974eafac0c5a8f903ae57275795d4395af2/reference/REL606.gbk
Ara+6_50000gen_11371,illumina-PE,sra://SRR2588999
Ara+6_5000gen_2178A,reference,https://raw.githubusercontent.com/barricklab/LTEE/7da91974eafac0c5a8f903ae57275795d4395af2/reference/REL606.gbk
Ara+6_5000gen_2178A,illumina-SE,sra://SRR2584832
Ara+6_5000gen_2178B,reference,https://raw.githubusercontent.com/barricklab/LTEE/7da91974eafac0c5a8f903ae57275795d4395af2/reference/REL606.gbk
Ara+6_5000gen_2178B,illumina-SE,sra://SRR2584833
Ara+6_500gen_773A,reference,https://raw.githubusercontent.com/barricklab/LTEE/7da91974eafac0c5a8f903ae57275795d4395af2/reference/REL606.gbk
Ara+6_500gen_773A,illumina-SE,sra://SRR2584823
Ara+6_500gen_773B,reference,https://raw.githubusercontent.com/barricklab/LTEE/7da91974eafac0c5a8f903ae57275795d4395af2/reference/REL606.gbk
Ara+6_500gen_773B,illumina-SE,sra://SRR2584824
Ara-1_10000gen_4536A,reference,https://raw.githubusercontent.com/barricklab/LTEE/7da91974eafac0c5a8f903ae57275795d4395af2/reference/REL606.gbk
Ara-1_10000gen_4536A,illumina-PE,sra://SRR030255
Ara-1_10000gen_4536B,reference,https://raw.githubusercontent.com/barricklab/LTEE/7da91974eafac0c5a8f903ae57275795d4395af2/reference/REL606.gbk
Ara-1_10000gen_4536B,illumina-SE,sra://ERR051718
Ara-1_1000gen_964B,reference,https://raw.githubusercontent.com/barricklab/LTEE/7da91974eafac0c5a8f903ae57275795d4395af2/reference/REL606.gbk
Ara-1_1000gen_964B,illumina-PE,sra://SRR2584817
Ara-1_1000gen_964C,reference,https://raw.githubusercontent.com/barricklab/LTEE/7da91974eafac0c5a8f903ae57275795d4395af2/reference/REL606.gbk
Ara-1_1000gen_964C,illumina-PE,sra://SRR2584854
Ara-1_15000gen_7177A,reference,BarrickLab-Public:release/reference/REL606.6.gbk
Ara-1_15000gen_7177A,illumina-PE,sra://SRR030256
Ara-1_15000gen_7177B,reference,https://raw.githubusercontent.com/barricklab/LTEE/7da91974eafac0c5a8f903ae57275795d4395af2/reference/REL606.gbk
Ara-1_15000gen_7177B,illumina-SE,sra://ERR051719
Ara-1_1500gen_1068B,reference,https://raw.githubusercontent.com/barricklab/LTEE/7da91974eafac0c5a8f903ae57275795d4395af2/reference/REL606.gbk
Ara-1_1500gen_1068B,illumina-PE,sra://SRR2591042
Ara-1_1500gen_1068C,reference,https://raw.githubusercontent.com/barricklab/LTEE/7da91974eafac0c5a8f903ae57275795d4395af2/reference/REL606.gbk
Ara-1_1500gen_1068C,illumina-PE,sra://SRR2584876
Ara-1_20000gen_8593A,reference,BarrickLab-Public:release/reference/REL606.6.gbk
Ara-1_20000gen_8593A,illumina-PE,sra://SRR030257
Ara-1_20000gen_8593B,reference,https://raw.githubusercontent.com/barricklab/LTEE/7da91974eafac0c5a8f903ae57275795d4395af2/reference/REL606.gbk
Ara-1_20000gen_8593B,illumina-SE,sra://ERR051714
Ara-1_2000gen_1164A,reference,BarrickLab-Public:release/reference/REL606.6.gbk
Ara-1_2000gen_1164A,illumina-PE,sra://SRR030253
Ara-1_2000gen_1164B,reference,https://raw.githubusercontent.com/barricklab/LTEE/7da91974eafac0c5a8f903ae57275795d4395af2/reference/REL606.gbk
Ara-1_2000gen_1164B,illumina-SE,sra://ERR051713
Ara-1_30000gen_10391,reference,https://raw.githubusercontent.com/barricklab/LTEE/7da91974eafac0c5a8f903ae57275795d4395af2/reference/REL606.gbk
Ara-1_30000gen_10391,illumina-SE,sra://ERR051722
Ara-1_30000gen_10392,reference,https://raw.githubusercontent.com/barricklab/LTEE/7da91974eafac0c5a8f903ae57275795d4395af2/reference/REL606.gbk
Ara-1_30000gen_10392,illumina-SE,sra://ERR051721
Ara-1_40000gen_10938,reference,BarrickLab-Public:release/reference/REL606.6.gbk
Ara-1_40000gen_10938,illumina-PE,sra://SRR030258
Ara-1_40000gen_10939,reference,https://raw.githubusercontent.com/barricklab/LTEE/7da91974eafac0c5a8f903ae57275795d4395af2/reference/REL606.gbk
Ara-1_40000gen_10939,illumina-SE,sra://ERR051717
Ara-1_50000gen_11330,reference,https://raw.githubusercontent.com/barricklab/LTEE/7da91974eafac0c5a8f903ae57275795d4395af2/reference/REL606.gbk
Ara-1_50000gen_11330,illumina-SE,sra://SRR2584887
Ara-1_50000gen_11331,reference,https://raw.githubusercontent.com/barricklab/LTEE/7da91974eafac0c5a8f903ae57275795d4395af2/reference/REL606.gbk
Ara-1_50000gen_11331,illumina-PE,sra://SRR2591047
Ara-1_5000gen_2179A,reference,BarrickLab-Public:release/reference/REL606.6.gbk
Ara-1_5000gen_2179A,illumina-PE,sra://SRR030254
Ara-1_5000gen_2179B,reference,https://raw.githubusercontent.com/barricklab/LTEE/7da91974eafac0c5a8f903ae57275795d4395af2/reference/REL606.gbk
Ara-1_5000gen_2179B,illumina-SE,sra://ERR051724
Ara-1_500gen_762B,reference,https://raw.githubusercontent.com/barricklab/LTEE/7da91974eafac0c5a8f903ae57275795d4395af2/reference/REL606.gbk
Ara-1_500gen_762B,illumina-PE,sra://SRR2591031
Ara-1_500gen_762C,reference,https://raw.githubusercontent.com/barricklab/LTEE/7da91974eafac0c5a8f903ae57275795d4395af2/reference/REL606.gbk
Ara-1_500gen_762C,illumina-PE,sra://SRR2588223
Ara-2_10000gen_4537A,reference,https://raw.githubusercontent.com/barricklab/LTEE/7da91974eafac0c5a8f903ae57275795d4395af2/reference/REL606.gbk
Ara-2_10000gen_4537A,illumina-PE,sra://SRR2584715
Ara-2_10000gen_4537B,reference,https://raw.githubusercontent.com/barricklab/LTEE/7da91974eafac0c5a8f903ae57275795d4395af2/reference/REL606.gbk
Ara-2_10000gen_4537B,illumina-PE,sra://SRR2584783
Ara-2_1000gen_965A,reference,https://raw.githubusercontent.com/barricklab/LTEE/7da91974eafac0c5a8f903ae57275795d4395af2/reference/REL606.gbk
Ara-2_1000gen_965A,illumina-PE,sra://SRR2584405
Ara-2_1000gen_965B,reference,https://raw.githubusercontent.com/barricklab/LTEE/7da91974eafac0c5a8f903ae57275795d4395af2/reference/REL606.gbk
Ara-2_1000gen_965B,illumina-PE,sra://SRR2584465
Ara-2_15000gen_7178A,reference,https://raw.githubusercontent.com/barricklab/LTEE/7da91974eafac0c5a8f903ae57275795d4395af2/reference/REL606.gbk
Ara-2_15000gen_7178A,illumina-PE,sra://SRR2584819
Ara-2_15000gen_7178B,reference,https://raw.githubusercontent.com/barricklab/LTEE/7da91974eafac0c5a8f903ae57275795d4395af2/reference/REL606.gbk
Ara-2_15000gen_7178B,illumina-PE,sra://SRR2584830
Ara-2_1500gen_1069A,reference,https://raw.githubusercontent.com/barricklab/LTEE/7da91974eafac0c5a8f903ae57275795d4395af2/reference/REL606.gbk
Ara-2_1500gen_1069A,illumina-PE,sra://SRR2591033
Ara-2_1500gen_1069B,reference,https://raw.githubusercontent.com/barricklab/LTEE/7da91974eafac0c5a8f903ae57275795d4395af2/reference/REL606.gbk
Ara-2_1500gen_1069B,illumina-PE,sra://SRR2584612
Ara-2_20000gen_11830,reference,https://raw.githubusercontent.com/barricklab/LTEE/7da91974eafac0c5a8f903ae57275795d4395af2/reference/REL606.gbk
Ara-2_20000gen_11830,illumina-SE,sra://SRR2584841
Ara-2_20000gen_11831,reference,https://raw.githubusercontent.com/barricklab/LTEE/7da91974eafac0c5a8f903ae57275795d4395af2/reference/REL606.gbk
Ara-2_20000gen_11831,illumina-SE,sra://SRR2584846
Ara-2_2000gen_1165A,reference,https://raw.githubusercontent.com/barricklab/LTEE/7da91974eafac0c5a8f903ae57275795d4395af2/reference/REL606.gbk
Ara-2_2000gen_1165A,illumina-SE,sra://SRR2584664
Ara-2_2000gen_11829,reference,https://raw.githubusercontent.com/barricklab/LTEE/7da91974eafac0c5a8f903ae57275795d4395af2/reference/REL606.gbk
Ara-2_2000gen_11829,illumina-SE,sra://SRR2584676
Ara-2_30000gen_30K_11832,reference,https://raw.githubusercontent.com/barricklab/LTEE/7da91974eafac0c5a8f903ae57275795d4395af2/reference/REL606.gbk
Ara-2_30000gen_30K_11832,illumina-SE,sra://SRR2584847
Ara-2_30000gen_30K_11833,reference,https://raw.githubusercontent.com/barricklab/LTEE/7da91974eafac0c5a8f903ae57275795d4395af2/reference/REL606.gbk
Ara-2_30000gen_30K_11833,illumina-SE,sra://SRR2584848
Ara-2_40000gen_11035,reference,https://raw.githubusercontent.com/barricklab/LTEE/7da91974eafac0c5a8f903ae57275795d4395af2/reference/REL606.gbk
Ara-2_40000gen_11035,illumina-SE,sra://SRR1536187
Ara-2_40000gen_11036,reference,https://raw.githubusercontent.com/barricklab/LTEE/7da91974eafac0c5a8f903ae57275795d4395af2/reference/REL606.gbk
Ara-2_40000gen_11036,illumina-SE,sra://SRR2086152
Ara-2_50000gen_11333,reference,https://raw.githubusercontent.com/barricklab/LTEE/7da91974eafac0c5a8f903ae57275795d4395af2/reference/REL606.gbk
Ara-2_50000gen_11333,illumina-SE,sra://SRR2584849
Ara-2_50000gen_11335,reference,https://raw.githubusercontent.com/barricklab/LTEE/7da91974eafac0c5a8f903ae57275795d4395af2/reference/REL606.gbk
Ara-2_50000gen_11335,illumina-SE,sra://SRR2584851
Ara-2_5000gen_2180A,reference,https://raw.githubusercontent.com/barricklab/LTEE/7da91974eafac0c5a8f903ae57275795d4395af2/reference/REL606.gbk
Ara-2_5000gen_2180A,illumina-SE,sra://SRR2584693
Ara-2_5000gen_2180B,reference,https://raw.githubusercontent.com/barricklab/LTEE/7da91974eafac0c5a8f903ae57275795d4395af2/reference/REL606.gbk
Ara-2_5000gen_2180B,illumina-SE,sra://SRR2584704
Ara-2_500gen_763A,reference,https://raw.githubusercontent.com/barricklab/LTEE/7da91974eafac0c5a8f903ae57275795d4395af2/reference/REL606.gbk
Ara-2_500gen_763A,illumina-PE,sra://SRR2591050
Ara-2_500gen_763B,reference,https://raw.githubusercontent.com/barricklab/LTEE/7da91974eafac0c5a8f903ae57275795d4395af2/reference/REL606.gbk
Ara-2_500gen_763B,illumina-PE,sra://SRR2589073
Ara-3_10000gen_4538A,reference,https://raw.githubusercontent.com/barricklab/LTEE/7da91974eafac0c5a8f903ae57275795d4395af2/reference/REL606.gbk
Ara-3_10000gen_4538A,illumina-PE,sra://SRR2589045
Ara-3_10000gen_ZDB1,reference,https://raw.githubusercontent.com/barricklab/LTEE/7da91974eafac0c5a8f903ae57275795d4395af2/reference/REL606.gbk
Ara-3_10000gen_ZDB1,illumina-PE,sra://SRR6178299
Ara-3_10000gen_ZDB425,reference,https://raw.githubusercontent.com/barricklab/LTEE/7da91974eafac0c5a8f903ae57275795d4395af2/reference/REL606.gbk
Ara-3_10000gen_ZDB425,illumina-PE,sra://SRR6178304
Ara-3_10000gen_ZDB429,reference,https://raw.githubusercontent.com/barricklab/LTEE/7da91974eafac0c5a8f903ae57275795d4395af2/reference/REL606.gbk
Ara-3_10000gen_ZDB429,illumina-SE,sra://SRR098282
Ara-3_1000gen_966A,reference,https://raw.githubusercontent.com/barricklab/LTEE/7da91974eafac0c5a8f903ae57275795d4395af2/reference/REL606.gbk
Ara-3_1000gen_966A,illumina-PE,sra://SRR2589001
Ara-3_1000gen_966B,reference,https://raw.githubusercontent.com/barricklab/LTEE/7da91974eafac0c5a8f903ae57275795d4395af2/reference/REL606.gbk
Ara-3_1000gen_966B,illumina-PE,sra://SRR2584856
Ara-3_15000gen_7179B,reference,https://raw.githubusercontent.com/barricklab/LTEE/7da91974eafac0c5a8f903ae57275795d4395af2/reference/REL606.gbk
Ara-3_15000gen_7179B,illumina-PE,sra://SRR2584863
Ara-3_15000gen_ZDB445,reference,https://raw.githubusercontent.com/barricklab/LTEE/7da91974eafac0c5a8f903ae57275795d4395af2/reference/REL606.gbk
Ara-3_15000gen_ZDB445,illumina-PE,sra://SRR6178301
Ara-3_15000gen_ZDB446,reference,https://raw.githubusercontent.com/barricklab/LTEE/7da91974eafac0c5a8f903ae57275795d4395af2/reference/REL606.gbk
Ara-3_15000gen_ZDB446,illumina-SE,sra://SRR098283
Ara-3_1500gen_1070A,reference,https://raw.githubusercontent.com/barricklab/LTEE/7da91974eafac0c5a8f903ae57275795d4395af2/reference/REL606.gbk
Ara-3_1500gen_1070A,illumina-PE,sra://SRR2584857
Ara-3_1500gen_1070B,reference,https://raw.githubusercontent.com/barricklab/LTEE/7da91974eafac0c5a8f903ae57275795d4395af2/reference/REL606.gbk
Ara-3_1500gen_1070B,illumina-PE,sra://SRR2584858
Ara-3_20000gen_ZDB458,reference,https://raw.githubusercontent.com/barricklab/LTEE/7da91974eafac0c5a8f903ae57275795d4395af2/reference/REL606.gbk
Ara-3_20000gen_ZDB458,illumina-SE,sra://SRR098284
Ara-3_20000gen_ZDB464,reference,https://raw.githubusercontent.com/barricklab/LTEE/7da91974eafac0c5a8f903ae57275795d4395af2/reference/REL606.gbk
Ara-3_20000gen_ZDB464,illumina-SE,sra://SRR098285
Ara-3_20000gen_ZDB467,reference,https://raw.githubusercontent.com/barricklab/LTEE/7da91974eafac0c5a8f903ae57275795d4395af2/reference/REL606.gbk
Ara-3_20000gen_ZDB467,illumina-SE,sra://SRR098286
Ara-3_2000gen_1166A,reference,https://raw.githubusercontent.com/barricklab/LTEE/7da91974eafac0c5a8f903ae57275795d4395af2/reference/REL606.gbk
Ara-3_2000gen_1166A,illumina-PE,sra://SRR2584859
Ara-3_2000gen_1166B,reference,https://raw.githubusercontent.com/barricklab/LTEE/7da91974eafac0c5a8f903ae57275795d4395af2/reference/REL606.gbk
Ara-3_2000gen_1166B,illumina-PE,sra://SRR2591041
Ara-3_25000gen_ZDB477,reference,https://raw.githubusercontent.com/barricklab/LTEE/7da91974eafac0c5a8f903ae57275795d4395af2/reference/REL606.gbk
Ara-3_25000gen_ZDB477,illumina-SE,sra://SRR098287
Ara-3_25000gen_ZDB478,reference,https://raw.githubusercontent.com/barricklab/LTEE/7da91974eafac0c5a8f903ae57275795d4395af2/reference/REL606.gbk
Ara-3_25000gen_ZDB478,illumina-PE,sra://SRR6178302
Ara-3_25000gen_ZDB483,reference,https://raw.githubusercontent.com/barricklab/LTEE/7da91974eafac0c5a8f903ae57275795d4395af2/reference/REL606.gbk
Ara-3_25000gen_ZDB483,illumina-SE,sra://SRR098288
Ara-3_25000gen_ZDB486,reference,https://raw.githubusercontent.com/barricklab/LTEE/7da91974eafac0c5a8f903ae57275795d4395af2/reference/REL606.gbk
Ara-3_25000gen_ZDB486,illumina-PE,sra://SRR6178309
Ara-3_25000gen_ZDB488,reference,https://raw.githubusercontent.com/barricklab/LTEE/7da91974eafac0c5a8f903ae57275795d4395af2/reference/REL606.gbk
Ara-3_25000gen_ZDB488,illumina-PE,sra://SRR6178310
Ara-3_27000gen_ZDB309,reference,https://raw.githubusercontent.com/barricklab/LTEE/7da91974eafac0c5a8f903ae57275795d4395af2/reference/REL606.gbk
Ara-3_27000gen_ZDB309,illumina-PE,sra://SRR6178307
Ara-3_27000gen_ZDB310,reference,https://raw.githubusercontent.com/barricklab/LTEE/7da91974eafac0c5a8f903ae57275795d4395af2/reference/REL606.gbk
Ara-3_27000gen_ZDB310,illumina-PE,sra://SRR6178308
Ara-3_27000gen_ZDB317,reference,https://raw.githubusercontent.com/barricklab/LTEE/7da91974eafac0c5a8f903ae57275795d4395af2/reference/REL606.gbk
Ara-3_27000gen_ZDB317,illumina-PE,sra://SRR6178305
Ara-3_28000gen_ZDB334,reference,https://raw.githubusercontent.com/barricklab/LTEE/7da91974eafac0c5a8f903ae57275795d4395af2/reference/REL606.gbk
Ara-3_28000gen_ZDB334,illumina-PE,sra://SRR6178306
Ara-3_28000gen_ZDB339,reference,https://raw.githubusercontent.com/barricklab/LTEE/7da91974eafac0c5a8f903ae57275795d4395af2/reference/REL606.gbk
Ara-3_28000gen_ZDB339,illumina-PE,sra://SRR6178303
Ara-3_29000gen_ZDB13,reference,https://raw.githubusercontent.com/barricklab/LTEE/7da91974eafac0c5a8f903ae57275795d4395af2/reference/REL606.gbk
Ara-3_29000gen_ZDB13,illumina-PE,sra://SRR6178300
Ara-3_29000gen_ZDB14,reference,https://raw.githubusercontent.com/barricklab/LTEE/7da91974eafac0c5a8f903ae57275795d4395af2/reference/REL606.gbk
Ara-3_29000gen_ZDB14,illumina-PE,sra://SRR6178297
Ara-3_30000gen_ZDB16,reference,https://raw.githubusercontent.com/barricklab/LTEE/7da91974eafac0c5a8f903ae57275795d4395af2/reference/REL606.gbk
Ara-3_30000gen_ZDB16,illumina-SE,sra://SRR098031
Ara-3_30000gen_ZDB17,reference,https://raw.githubusercontent.com/barricklab/LTEE/7da91974eafac0c5a8f903ae57275795d4395af2/reference/REL606.gbk
Ara-3_30000gen_ZDB17,illumina-PE,sra://SRR6178298
Ara-3_30000gen_ZDB18,reference,https://raw.githubusercontent.com/barricklab/LTEE/7da91974eafac0c5a8f903ae57275795d4395af2/reference/REL606.gbk
Ara-3_30000gen_ZDB18,illumina-PE,sra://SRR6178295
Ara-3_30000gen_ZDB357,reference,https://raw.githubusercontent.com/barricklab/LTEE/7da91974eafac0c5a8f903ae57275795d4395af2/reference/REL606.gbk
Ara-3_30000gen_ZDB357,illumina-SE,sra://SRR098280
Ara-3_30500gen_ZDB19,reference,https://raw.githubusercontent.com/barricklab/LTEE/7da91974eafac0c5a8f903ae57275795d4395af2/reference/REL606.gbk
Ara-3_30500gen_ZDB19,illumina-PE,sra://SRR6178296
Ara-3_30500gen_ZDB20,reference,https://raw.githubusercontent.com/barricklab/LTEE/7da91974eafac0c5a8f903ae57275795d4395af2/reference/REL606.gbk
Ara-3_30500gen_ZDB20,illumina-PE,sra://SRR6178293
Ara-3_31000gen_ZDB23,reference,https://raw.githubusercontent.com/barricklab/LTEE/7da91974eafac0c5a8f903ae57275795d4395af2/reference/REL606.gbk
Ara-3_31000gen_ZDB23,illumina-PE,sra://SRR6178294
Ara-3_31500gen_ZDB199,reference,https://raw.githubusercontent.com/barricklab/LTEE/7da91974eafac0c5a8f903ae57275795d4395af2/reference/REL606.gbk
Ara-3_31500gen_ZDB199,illumina-SE,sra://SRR098044
Ara-3_31500gen_ZDB200,reference,https://raw.githubusercontent.com/barricklab/LTEE/7da91974eafac0c5a8f903ae57275795d4395af2/reference/REL606.gbk
Ara-3_31500gen_ZDB200,illumina-SE,sra://SRR098279
Ara-3_31500gen_ZDB25,reference,https://raw.githubusercontent.com/barricklab/LTEE/7da91974eafac0c5a8f903ae57275795d4395af2/reference/REL606.gbk
Ara-3_31500gen_ZDB25,illumina-PE,sra://SRR6178291
Ara-3_31500gen_ZDB27,reference,https://raw.githubusercontent.com/barricklab/LTEE/7da91974eafac0c5a8f903ae57275795d4395af2/reference/REL606.gbk
Ara-3_31500gen_ZDB27,illumina-PE,sra://SRR6178292
Ara-3_31500gen_ZDB564,reference,https://raw.githubusercontent.com/barricklab/LTEE/7da91974eafac0c5a8f903ae57275795d4395af2/reference/REL606.gbk
Ara-3_31500gen_ZDB564,illumina-SE,sra://SRR098289
Ara-3_32000gen_ZDB172,reference,https://raw.githubusercontent.com/barricklab/LTEE/7da91974eafac0c5a8f903ae57275795d4395af2/reference/REL606.gbk
Ara-3_32000gen_ZDB172,illumina-SE,sra://SRR098042
Ara-3_32000gen_ZDB172,illumina-PE,sra://SRR098043
Ara-3_32000gen_ZDB30,reference,https://raw.githubusercontent.com/barricklab/LTEE/7da91974eafac0c5a8f903ae57275795d4395af2/reference/REL606.gbk
Ara-3_32000gen_ZDB30,illumina-SE,sra://SRR098032
Ara-3_32000gen_ZDB30,illumina-PE,sra://SRR098033
Ara-3_32500gen_ZDB143,reference,https://raw.githubusercontent.com/barricklab/LTEE/7da91974eafac0c5a8f903ae57275795d4395af2/reference/REL606.gbk
Ara-3_32500gen_ZDB143,illumina-SE,sra://SRR098040
Ara-3_32500gen_ZDB158,reference,https://raw.githubusercontent.com/barricklab/LTEE/7da91974eafac0c5a8f903ae57275795d4395af2/reference/REL606.gbk
Ara-3_32500gen_ZDB158,illumina-SE,sra://SRR098041
Ara-3_33000gen_CZB152,reference,https://raw.githubusercontent.com/barricklab/LTEE/7da91974eafac0c5a8f903ae57275795d4395af2/reference/REL606.gbk
Ara-3_33000gen_CZB152,illumina-SE,sra://SRR097977
Ara-3_33000gen_CZB154,reference,https://raw.githubusercontent.com/barricklab/LTEE/7da91974eafac0c5a8f903ae57275795d4395af2/reference/REL606.gbk
Ara-3_33000gen_CZB154,illumina-SE,sra://SRR098026
Ara-3_33000gen_CZB199,reference,https://raw.githubusercontent.com/barricklab/LTEE/7da91974eafac0c5a8f903ae57275795d4395af2/reference/REL606.gbk
Ara-3_33000gen_CZB199,illumina-SE,sra://SRR098027
Ara-3_34000gen_ZDB83,reference,https://raw.githubusercontent.com/barricklab/LTEE/7da91974eafac0c5a8f903ae57275795d4395af2/reference/REL606.gbk
Ara-3_34000gen_ZDB83,illumina-SE,sra://SRR098034
Ara-3_34000gen_ZDB87,reference,https://raw.githubusercontent.com/barricklab/LTEE/7da91974eafac0c5a8f903ae57275795d4395af2/reference/REL606.gbk
Ara-3_34000gen_ZDB87,illumina-SE,sra://SRR098035
Ara-3_36000gen_ZDB96,reference,https://raw.githubusercontent.com/barricklab/LTEE/7da91974eafac0c5a8f903ae57275795d4395af2/reference/REL606.gbk
Ara-3_36000gen_ZDB96,illumina-SE,sra://SRR098036
Ara-3_36000gen_ZDB99,reference,https://raw.githubusercontent.com/barricklab/LTEE/7da91974eafac0c5a8f903ae57275795d4395af2/reference/REL606.gbk
Ara-3_36000gen_ZDB99,illumina-SE,sra://SRR098037
Ara-3_38000gen_ZDB107,reference,https://raw.githubusercontent.com/barricklab/LTEE/7da91974eafac0c5a8f903ae57275795d4395af2/reference/REL606.gbk
Ara-3_38000gen_ZDB107,illumina-SE,sra://SRR098038
Ara-3_38000gen_ZDB111,reference,https://raw.githubusercontent.com/barricklab/LTEE/7da91974eafac0c5a8f903ae57275795d4395af2/reference/REL606.gbk
Ara-3_38000gen_ZDB111,illumina-SE,sra://SRR098039
Ara-3_40000gen_10979,reference,https://raw.githubusercontent.com/barricklab/LTEE/7da91974eafac0c5a8f903ae57275795d4395af2/reference/REL606.gbk
Ara-3_40000gen_10979,illumina-SE,sra://SRR098029
Ara-3_40000gen_10988,reference,https://raw.githubusercontent.com/barricklab/LTEE/7da91974eafac0c5a8f903ae57275795d4395af2/reference/REL606.gbk
Ara-3_40000gen_10988,illumina-SE,sra://SRR098030
Ara-3_50000gen_11364,reference,https://raw.githubusercontent.com/barricklab/LTEE/7da91974eafac0c5a8f903ae57275795d4395af2/reference/REL606.gbk
Ara-3_50000gen_11364,illumina-SE,sra://SRR2584864
Ara-3_50000gen_11365,reference,https://raw.githubusercontent.com/barricklab/LTEE/7da91974eafac0c5a8f903ae57275795d4395af2/reference/REL606.gbk
Ara-3_50000gen_11365,illumina-PE,sra://SRR2584866
Ara-3_5000gen_2181A,reference,https://raw.githubusercontent.com/barricklab/LTEE/7da91974eafac0c5a8f903ae57275795d4395af2/reference/REL606.gbk
Ara-3_5000gen_2181A,illumina-PE,sra://SRR2589044
Ara-3_5000gen_ZDB409,reference,https://raw.githubusercontent.com/barricklab/LTEE/7da91974eafac0c5a8f903ae57275795d4395af2/reference/REL606.gbk
Ara-3_5000gen_ZDB409,illumina-SE,sra://SRR098281
Ara-3_500gen_764A,reference,https://raw.githubusercontent.com/barricklab/LTEE/7da91974eafac0c5a8f903ae57275795d4395af2/reference/REL606.gbk
Ara-3_500gen_764A,illumina-PE,sra://SRR2584852
Ara-3_500gen_764B,reference,https://raw.githubusercontent.com/barricklab/LTEE/7da91974eafac0c5a8f903ae57275795d4395af2/reference/REL606.gbk
Ara-3_500gen_764B,illumina-PE,sra://SRR2584853
Ara-4_10000gen_4539A,reference,https://raw.githubusercontent.com/barricklab/LTEE/7da91974eafac0c5a8f903ae57275795d4395af2/reference/REL606.gbk
Ara-4_10000gen_4539A,illumina-PE,sra://SRR2584878
Ara-4_10000gen_4539B,reference,https://raw.githubusercontent.com/barricklab/LTEE/7da91974eafac0c5a8f903ae57275795d4395af2/reference/REL606.gbk
Ara-4_10000gen_4539B,illumina-PE,sra://SRR2589050
Ara-4_1000gen_967A,reference,https://raw.githubusercontent.com/barricklab/LTEE/7da91974eafac0c5a8f903ae57275795d4395af2/reference/REL606.gbk
Ara-4_1000gen_967A,illumina-PE,sra://SRR2584869
Ara-4_1000gen_967B,reference,https://raw.githubusercontent.com/barricklab/LTEE/7da91974eafac0c5a8f903ae57275795d4395af2/reference/REL606.gbk
Ara-4_1000gen_967B,illumina-PE,sra://SRR2584870
Ara-4_15000gen_7180A,reference,https://raw.githubusercontent.com/barricklab/LTEE/7da91974eafac0c5a8f903ae57275795d4395af2/reference/REL606.gbk
Ara-4_15000gen_7180A,illumina-PE,sra://SRR2591045
Ara-4_15000gen_7180B,reference,https://raw.githubusercontent.com/barricklab/LTEE/7da91974eafac0c5a8f903ae57275795d4395af2/reference/REL606.gbk
Ara-4_15000gen_7180B,illumina-PE,sra://SRR2584881
Ara-4_1500gen_1071A,reference,https://raw.githubusercontent.com/barricklab/LTEE/7da91974eafac0c5a8f903ae57275795d4395af2/reference/REL606.gbk
Ara-4_1500gen_1071A,illumina-PE,sra://SRR2584871
Ara-4_1500gen_1071B,reference,https://raw.githubusercontent.com/barricklab/LTEE/7da91974eafac0c5a8f903ae57275795d4395af2/reference/REL606.gbk
Ara-4_1500gen_1071B,illumina-PE,sra://SRR2591043
Ara-4_20000gen_8596A,reference,https://raw.githubusercontent.com/barricklab/LTEE/7da91974eafac0c5a8f903ae57275795d4395af2/reference/REL606.gbk
Ara-4_20000gen_8596A,illumina-PE,sra://SRR2584882
Ara-4_20000gen_8596B,reference,https://raw.githubusercontent.com/barricklab/LTEE/7da91974eafac0c5a8f903ae57275795d4395af2/reference/REL606.gbk
Ara-4_20000gen_8596B,illumina-PE,sra://SRR2584883
Ara-4_2000gen_1167A,reference,https://raw.githubusercontent.com/barricklab/LTEE/7da91974eafac0c5a8f903ae57275795d4395af2/reference/REL606.gbk
Ara-4_2000gen_1167A,illumina-PE,sra://SRR2584873
Ara-4_2000gen_1167B,reference,https://raw.githubusercontent.com/barricklab/LTEE/7da91974eafac0c5a8f903ae57275795d4395af2/reference/REL606.gbk
Ara-4_2000gen_1167B,illumina-PE,sra://SRR2584874
Ara-4_30000gen_10401,reference,https://raw.githubusercontent.com/barricklab/LTEE/7da91974eafac0c5a8f903ae57275795d4395af2/reference/REL606.gbk
Ara-4_30000gen_10401,illumina-PE,sra://SRR2584884
Ara-4_30000gen_10402,reference,https://raw.githubusercontent.com/barricklab/LTEE/7da91974eafac0c5a8f903ae57275795d4395af2/reference/REL606.gbk
Ara-4_30000gen_10402,illumina-PE,sra://SRR2584885
Ara-4_40000gen_10944,reference,https://raw.githubusercontent.com/barricklab/LTEE/7da91974eafac0c5a8f903ae57275795d4395af2/reference/REL606.gbk
Ara-4_40000gen_10944,illumina-SE,sra://SRR1536188
Ara-4_40000gen_10945,reference,https://raw.githubusercontent.com/barricklab/LTEE/7da91974eafac0c5a8f903ae57275795d4395af2/reference/REL606.gbk
Ara-4_40000gen_10945,illumina-SE,sra://SRR2584886
Ara-4_50000gen_11336,reference,https://raw.githubusercontent.com/barricklab/LTEE/7da91974eafac0c5a8f903ae57275795d4395af2/reference/REL606.gbk
Ara-4_50000gen_11336,illumina-SE,sra://SRR2584888
Ara-4_50000gen_11337,reference,https://raw.githubusercontent.com/barricklab/LTEE/7da91974eafac0c5a8f903ae57275795d4395af2/reference/REL606.gbk
Ara-4_50000gen_11337,illumina-PE,sra://SRR2584889
Ara-4_5000gen_2182A,reference,https://raw.githubusercontent.com/barricklab/LTEE/7da91974eafac0c5a8f903ae57275795d4395af2/reference/REL606.gbk
Ara-4_5000gen_2182A,illumina-PE,sra://SRR2591044
Ara-4_5000gen_2182B,reference,https://raw.githubusercontent.com/barricklab/LTEE/7da91974eafac0c5a8f903ae57275795d4395af2/reference/REL606.gbk
Ara-4_5000gen_2182B,illumina-PE,sra://SRR2589049
Ara-4_500gen_765A,reference,https://raw.githubusercontent.com/barricklab/LTEE/7da91974eafac0c5a8f903ae57275795d4395af2/reference/REL606.gbk
Ara-4_500gen_765A,illumina-PE,sra://SRR2584867
Ara-4_500gen_765B,reference,https://raw.githubusercontent.com/barricklab/LTEE/7da91974eafac0c5a8f903ae57275795d4395af2/reference/REL606.gbk
Ara-4_500gen_765B,illumina-PE,sra://SRR2584868
Ara-5_10000gen_4540A,reference,https://raw.githubusercontent.com/barricklab/LTEE/7da91974eafac0c5a8f903ae57275795d4395af2/reference/REL606.gbk
Ara-5_10000gen_4540A,illumina-PE,sra://SRR2589061
Ara-5_10000gen_4540B,reference,https://raw.githubusercontent.com/barricklab/LTEE/7da91974eafac0c5a8f903ae57275795d4395af2/reference/REL606.gbk
Ara-5_10000gen_4540B,illumina-PE,sra://SRR2589062
Ara-5_1000gen_968A,reference,https://raw.githubusercontent.com/barricklab/LTEE/7da91974eafac0c5a8f903ae57275795d4395af2/reference/REL606.gbk
Ara-5_1000gen_968A,illumina-PE,sra://SRR2591046
Ara-5_1000gen_968B,reference,https://raw.githubusercontent.com/barricklab/LTEE/7da91974eafac0c5a8f903ae57275795d4395af2/reference/REL606.gbk
Ara-5_1000gen_968B,illumina-PE,sra://SRR2584893
Ara-5_15000gen_7181A,reference,https://raw.githubusercontent.com/barricklab/LTEE/7da91974eafac0c5a8f903ae57275795d4395af2/reference/REL606.gbk
Ara-5_15000gen_7181A,illumina-PE,sra://SRR2591048
Ara-5_15000gen_7181B,reference,https://raw.githubusercontent.com/barricklab/LTEE/7da91974eafac0c5a8f903ae57275795d4395af2/reference/REL606.gbk
Ara-5_15000gen_7181B,illumina-PE,sra://SRR2591049
Ara-5_1500gen_1072A,reference,https://raw.githubusercontent.com/barricklab/LTEE/7da91974eafac0c5a8f903ae57275795d4395af2/reference/REL606.gbk
Ara-5_1500gen_1072A,illumina-PE,sra://SRR2584894
Ara-5_1500gen_1072B,reference,https://raw.githubusercontent.com/barricklab/LTEE/7da91974eafac0c5a8f903ae57275795d4395af2/reference/REL606.gbk
Ara-5_1500gen_1072B,illumina-PE,sra://SRR2589057
Ara-5_20000gen_8597A,reference,https://raw.githubusercontent.com/barricklab/LTEE/7da91974eafac0c5a8f903ae57275795d4395af2/reference/REL606.gbk
Ara-5_20000gen_8597A,illumina-PE,sra://SRR2584905
Ara-5_20000gen_8597B,reference,https://raw.githubusercontent.com/barricklab/LTEE/7da91974eafac0c5a8f903ae57275795d4395af2/reference/REL606.gbk
Ara-5_20000gen_8597B,illumina-PE,sra://SRR2589064
Ara-5_2000gen_1168A,reference,https://raw.githubusercontent.com/barricklab/LTEE/7da91974eafac0c5a8f903ae57275795d4395af2/reference/REL606.gbk
Ara-5_2000gen_1168A,illumina-PE,sra://SRR2589058
Ara-5_2000gen_1168B,reference,https://raw.githubusercontent.com/barricklab/LTEE/7da91974eafac0c5a8f903ae57275795d4395af2/reference/REL606.gbk
Ara-5_2000gen_1168B,illumina-PE,sra://SRR2589059
Ara-5_30000gen_10404,reference,https://raw.githubusercontent.com/barricklab/LTEE/7da91974eafac0c5a8f903ae57275795d4395af2/reference/REL606.gbk
Ara-5_30000gen_10404,illumina-PE,sra://SRR2589065
Ara-5_30000gen_10405,reference,https://raw.githubusercontent.com/barricklab/LTEE/7da91974eafac0c5a8f903ae57275795d4395af2/reference/REL606.gbk
Ara-5_30000gen_10405,illumina-PE,sra://SRR2584908
Ara-5_40000gen_10947,reference,https://raw.githubusercontent.com/barricklab/LTEE/7da91974eafac0c5a8f903ae57275795d4395af2/reference/REL606.gbk
Ara-5_40000gen_10947,illumina-SE,sra://SRR2085290
Ara-5_40000gen_10948,reference,https://raw.githubusercontent.com/barricklab/LTEE/7da91974eafac0c5a8f903ae57275795d4395af2/reference/REL606.gbk
Ara-5_40000gen_10948,illumina-SE,sra://SRR2086039
Ara-5_50000gen_11339,reference,https://raw.githubusercontent.com/barricklab/LTEE/7da91974eafac0c5a8f903ae57275795d4395af2/reference/REL606.gbk
Ara-5_50000gen_11339,illumina-SE,sra://SRR2584927
Ara-5_50000gen_11340,reference,https://raw.githubusercontent.com/barricklab/LTEE/7da91974eafac0c5a8f903ae57275795d4395af2/reference/REL606.gbk
Ara-5_50000gen_11340,illumina-PE,sra://SRR2589067
Ara-5_5000gen_2183A,reference,https://raw.githubusercontent.com/barricklab/LTEE/7da91974eafac0c5a8f903ae57275795d4395af2/reference/REL606.gbk
Ara-5_5000gen_2183A,illumina-PE,sra://SRR2584899
Ara-5_5000gen_2183B,reference,https://raw.githubusercontent.com/barricklab/LTEE/7da91974eafac0c5a8f903ae57275795d4395af2/reference/REL606.gbk
Ara-5_5000gen_2183B,illumina-PE,sra://SRR2584900
Ara-5_500gen_766A,reference,https://raw.githubusercontent.com/barricklab/LTEE/7da91974eafac0c5a8f903ae57275795d4395af2/reference/REL606.gbk
Ara-5_500gen_766A,illumina-PE,sra://SRR2589054
Ara-5_500gen_766B,reference,https://raw.githubusercontent.com/barricklab/LTEE/7da91974eafac0c5a8f903ae57275795d4395af2/reference/REL606.gbk
Ara-5_500gen_766B,illumina-PE,sra://SRR2589055
Ara-6_10000gen_4541A,reference,https://raw.githubusercontent.com/barricklab/LTEE/7da91974eafac0c5a8f903ae57275795d4395af2/reference/REL606.gbk
Ara-6_10000gen_4541A,illumina-PE,sra://SRR2591053
Ara-6_10000gen_4541B,reference,https://raw.githubusercontent.com/barricklab/LTEE/7da91974eafac0c5a8f903ae57275795d4395af2/reference/REL606.gbk
Ara-6_10000gen_4541B,illumina-PE,sra://SRR2591054
Ara-6_1000gen_969A,reference,https://raw.githubusercontent.com/barricklab/LTEE/7da91974eafac0c5a8f903ae57275795d4395af2/reference/REL606.gbk
Ara-6_1000gen_969A,illumina-PE,sra://SRR2584931
Ara-6_1000gen_969B,reference,https://raw.githubusercontent.com/barricklab/LTEE/7da91974eafac0c5a8f903ae57275795d4395af2/reference/REL606.gbk
Ara-6_1000gen_969B,illumina-PE,sra://SRR2584932
Ara-6_15000gen_7182A,reference,https://raw.githubusercontent.com/barricklab/LTEE/7da91974eafac0c5a8f903ae57275795d4395af2/reference/REL606.gbk
Ara-6_15000gen_7182A,illumina-PE,sra://SRR2584942
Ara-6_15000gen_7182B,reference,https://raw.githubusercontent.com/barricklab/LTEE/7da91974eafac0c5a8f903ae57275795d4395af2/reference/REL606.gbk
Ara-6_15000gen_7182B,illumina-PE,sra://SRR2584943
Ara-6_1500gen_1073A,reference,https://raw.githubusercontent.com/barricklab/LTEE/7da91974eafac0c5a8f903ae57275795d4395af2/reference/REL606.gbk
Ara-6_1500gen_1073A,illumina-PE,sra://SRR2591051
Ara-6_1500gen_1073B,reference,https://raw.githubusercontent.com/barricklab/LTEE/7da91974eafac0c5a8f903ae57275795d4395af2/reference/REL606.gbk
Ara-6_1500gen_1073B,illumina-PE,sra://SRR2584934
Ara-6_20000gen_8598A,reference,https://raw.githubusercontent.com/barricklab/LTEE/7da91974eafac0c5a8f903ae57275795d4395af2/reference/REL606.gbk
Ara-6_20000gen_8598A,illumina-PE,sra://SRR2589074
Ara-6_20000gen_8598B,reference,https://raw.githubusercontent.com/barricklab/LTEE/7da91974eafac0c5a8f903ae57275795d4395af2/reference/REL606.gbk
Ara-6_20000gen_8598B,illumina-PE,sra://SRR2584978
Ara-6_2000gen_1169A,reference,https://raw.githubusercontent.com/barricklab/LTEE/7da91974eafac0c5a8f903ae57275795d4395af2/reference/REL606.gbk
Ara-6_2000gen_1169A,illumina-PE,sra://SRR2589071
Ara-6_2000gen_1169B,reference,https://raw.githubusercontent.com/barricklab/LTEE/7da91974eafac0c5a8f903ae57275795d4395af2/reference/REL606.gbk
Ara-6_2000gen_1169B,illumina-PE,sra://SRR2584936
Ara-6_30000gen_10447,reference,https://raw.githubusercontent.com/barricklab/LTEE/7da91974eafac0c5a8f903ae57275795d4395af2/reference/REL606.gbk
Ara-6_30000gen_10447,illumina-PE,sra://SRR2584979
Ara-6_30000gen_10448,reference,https://raw.githubusercontent.com/barricklab/LTEE/7da91974eafac0c5a8f903ae57275795d4395af2/reference/REL606.gbk
Ara-6_30000gen_10448,illumina-PE,sra://SRR2589077
Ara-6_40000gen_11005,reference,https://raw.githubusercontent.com/barricklab/LTEE/7da91974eafac0c5a8f903ae57275795d4395af2/reference/REL606.gbk
Ara-6_40000gen_11005,illumina-SE,sra://SRR2086041
Ara-6_40000gen_11006,reference,https://raw.githubusercontent.com/barricklab/LTEE/7da91974eafac0c5a8f903ae57275795d4395af2/reference/REL606.gbk
Ara-6_40000gen_11006,illumina-SE,sra://SRR2086042
Ara-6_50000gen_11389,reference,https://raw.githubusercontent.com/barricklab/LTEE/7da91974eafac0c5a8f903ae57275795d4395af2/reference/REL606.gbk
Ara-6_50000gen_11389,illumina-SE,sra://SRR2584407
Ara-6_50000gen_11390,reference,https://raw.githubusercontent.com/barricklab/LTEE/7da91974eafac0c5a8f903ae57275795d4395af2/reference/REL606.gbk
Ara-6_50000gen_11390,illumina-PE,sra://SRR2584406
Ara-6_5000gen_2184A,reference,https://raw.githubusercontent.com/barricklab/LTEE/7da91974eafac0c5a8f903ae57275795d4395af2/reference/REL606.gbk
Ara-6_5000gen_2184A,illumina-PE,sra://SRR2584938
Ara-6_5000gen_2184B,reference,https://raw.githubusercontent.com/barricklab/LTEE/7da91974eafac0c5a8f903ae57275795d4395af2/reference/REL606.gbk
Ara-6_5000gen_2184B,illumina-PE,sra://SRR2591052
Ara-6_500gen_767A,reference,https://raw.githubusercontent.com/barricklab/LTEE/7da91974eafac0c5a8f903ae57275795d4395af2/reference/REL606.gbk
Ara-6_500gen_767A,illumina-PE,sra://SRR2584929
Ara-6_500gen_767B,reference,https://raw.githubusercontent.com/barricklab/LTEE/7da91974eafac0c5a8f903ae57275795d4395af2/reference/REL606.gbk
Ara-6_500gen_767B,illumina-PE,sra://SRR2589068
